,Unnamed: 0,VO2,Date,Km,Av_HR_for_Run,run_time,av_cadence
0,0,50.0,2024-05-04,10.0257998046875,145.0,59.1240667740504,174.671875
1,1,50.0,2024-05-02,8.049759765625,140.0,49.33565012613932,171.328125
2,2,50.0,2024-04-30,5.8695,137.0,35.53663330078125,175.28125
3,3,49.0,2024-04-28,6.81160009765625,138.0,42.71688334147135,175.90625
4,4,49.0,2024-04-26,9.13526953125,133.0,58.555599975585935,172.28125
5,5,50.0,2024-04-25,6.1740400390625,136.0,40.4062339146932,169.984375
6,6,50.0,2024-04-23,8.02325,135.0,52.11666666666667,159.984375
7,7,50.0,2024-04-22,5.253259765625,136.0,33.93333333333333,167.328125
8,8,50.0,2024-04-21,8.19058984375,145.0,50.141066487630205,176.046875
9,9,50.0,2024-04-20,12.0166103515625,143.0,73.14056655565898,180.234375
10,10,49.0,2024-04-17,4.65760986328125,132.0,29.508317057291663,177.71875
11,11,49.0,2024-04-16,5.39889990234375,144.0,32.75094960530599,178.109375
12,12,49.0,2024-04-14,7.14675,133.0,45.51666685740153,174.921875
13,13,49.0,2024-04-13,12.4033203125,142.0,76.30008392333984,174.140625
14,14,48.0,2024-04-12,4.57947998046875,146.0,29.21988347371419,176.515625
15,15,49.0,2024-04-11,7.5986201171875,141.0,47.35395050048828,175.828125
16,16,49.0,2024-04-09,6.44377978515625,135.0,41.57731653849284,173.203125
17,17,49.0,2024-04-07,7.03318994140625,133.0,45.44744973182678,175.796875
18,18,49.0,2024-04-06,10.050330078125,137.0,65.88005015055339,170.5625
19,19,49.0,2024-04-03,6.427009765625,137.0,40.33438313802083,176.5625
20,20,49.0,2024-04-02,4.9035,134.0,31.40728352864583,177.25
21,21,49.0,2024-03-31,12.11923046875,144.0,72.64583339691163,159.890625
22,22,49.0,2024-03-30,5.27847998046875,141.0,33.543000030517575,172.890625
23,23,49.0,2024-03-28,10.0359296875,145.0,61.2392827351888,178.296875
24,24,49.0,2024-03-26,10.0177099609375,146.0,60.72913309733073,179.765625
25,25,49.0,2024-03-24,7.57425,140.0,48.02658335367838,167.03125
26,26,49.0,2024-03-21,8.13864990234375,148.0,49.013267008463544,178.515625
27,27,49.0,2024-03-19,5.0552099609375,138.0,33.41159985860189,173.28125
28,28,49.0,2024-03-17,7.63756982421875,159.0,46.96411641438802,175.609375
29,29,50.0,2024-03-16,1.061469970703125,141.0,6.259333101908366,175.828125
30,30,50.0,2024-03-16,12.006490234375,146.0,74.93906656901042,170.34375
31,31,50.0,2024-03-13,8.006490234375,138.0,50.650133768717446,178.671875
32,32,50.0,2024-03-12,5.50047021484375,139.0,34.20053354899088,178.84375
33,33,51.0,2024-03-10,4.2622998046875,139.0,26.907616678873698,177.453125
34,34,51.0,2024-03-09,6.421080078125,140.0,41.2197998046875,174.015625
35,35,51.0,2024-03-07,12.033080078125,145.0,71.88911692301433,177.703125
36,36,51.0,2024-03-05,7.547240234375,142.0,45.81779963175456,177.296875
37,37,51.0,2024-03-03,10.0197802734375,137.0,64.13604981899262,176.40625
38,38,51.0,2024-03-02,9.1081904296875,139.0,55.9214833577474,176.203125
39,39,52.0,2024-02-29,5.40164990234375,138.0,33.53703358968099,178.515625
40,40,51.0,2024-02-27,7.05097998046875,136.0,43.46533300081889,178.3125
41,41,51.0,2024-02-25,6.234009765625,139.0,39.68734995524088,177.265625
42,42,51.0,2024-02-24,12.2435595703125,137.0,77.88273315429687,171.65625
43,43,51.0,2024-02-22,6.0119599609375,140.0,38.32356669108073,174.5
44,44,51.0,2024-02-20,7.564580078125,137.0,47.7690668741862,177.875
45,45,51.0,2024-02-18,6.0229599609375,133.0,37.788583652178446,176.140625
46,46,50.0,2024-02-17,11.0227802734375,136.0,70.13348314762115,177.296875
47,47,50.0,2024-02-15,7.06,148.0,42.38091672261556,177.015625
48,48,50.0,2024-02-13,6.38075,143.0,37.466183471679685,177.71875
49,49,50.0,2024-02-11,6.01316015625,140.0,37.282150117556256,178.703125
50,50,49.0,2024-02-10,6.6589599609375,142.0,42.27066650390625,180.125
51,51,49.0,2024-02-08,8.08152001953125,143.0,51.424933369954424,175.40625
52,52,50.0,2024-02-07,5.62664990234375,139.0,35.59451649983724,179.0625
53,53,,2024-02-05,8.00856982421875,129.0,51.6666498819987,171.6875
54,54,49.0,2024-02-03,10.122900390625,145.0,61.351766459147136,177.25
55,55,49.0,2024-02-01,8.67908984375,137.0,56.19854990641276,176.359375
56,56,49.0,2024-01-30,5.20939013671875,141.0,33.34368336995443,169.0
57,57,49.0,2024-01-28,5.123080078125,139.0,32.78036651611328,176.171875
58,58,49.0,2024-01-27,8.49725,149.0,51.6355832417806,176.125
59,59,49.0,2024-01-25,5.75689990234375,141.0,35.2347666422526,171.234375
60,60,49.0,2024-01-23,8.8818203125,142.0,56.16280008951823,177.265625
61,61,49.0,2024-01-22,4.37272021484375,135.0,27.539950052897137,175.78125
62,62,49.0,2024-01-21,6.06752001953125,139.0,39.047899881998696,177.0625
63,63,48.0,2024-01-20,7.36314990234375,141.0,46.73211669921875,179.609375
64,64,48.0,2024-01-16,6.665259765625,139.0,43.963250223795576,173.140625
65,65,49.0,2024-01-14,7.005669921875,144.0,43.73911641438802,178.609375
66,66,49.0,2024-01-13,8.59775,151.0,52.05670013427734,179.78125
67,67,49.0,2024-01-11,6.8502998046875,142.0,44.96556650797526,173.984375
68,68,49.0,2024-01-09,5.14910986328125,136.0,33.25395024617513,175.515625
69,69,49.0,2024-01-08,5.35977001953125,139.0,34.720916748046875,173.875
70,70,49.0,2024-01-07,5.52143994140625,138.0,36.11383310953776,176.359375
71,71,49.0,2024-01-06,5.1523798828125,142.0,31.72269999186198,178.671875
72,72,48.0,2024-01-04,5.46310009765625,154.0,35.60718332926432,174.9375
73,73,49.0,2024-01-03,5.4258798828125,147.0,33.22613321940104,176.3125
74,74,49.0,2023-12-31,5.1695,143.0,31.602649943033853,177.703125
75,75,49.0,2023-12-30,10.01641015625,143.0,62.38143310546875,176.96875
76,76,49.0,2023-12-28,5.5865400390625,137.0,35.26259969075521,176.453125
77,77,49.0,2023-12-26,6.70352001953125,139.0,43.17906646728515,173.625
78,78,48.0,2023-12-24,6.27385009765625,140.0,41.01363321940104,174.265625
79,79,48.0,2023-12-23,7.0156201171875,138.0,46.0211669921875,175.21875
80,80,49.0,2023-12-21,6.65935009765625,140.0,42.44181671142578,176.703125
81,81,49.0,2023-12-19,7.26281005859375,147.0,45.185899861653645,176.984375
82,82,49.0,2023-12-16,7.535759765625,144.0,47.61861673990885,175.09375
83,83,49.0,2023-12-14,6.0327900390625,146.0,37.25553334554037,176.015625
84,84,49.0,2023-12-12,5.056,136.0,31.668966897328698,177.171875
85,85,48.0,2023-12-09,7.31964013671875,142.0,47.96586647033691,176.78125
86,86,48.0,2023-12-07,3.5487900390625,139.0,22.50988311767578,177.265625
87,87,47.0,2023-12-05,3.18697998046875,142.0,20.73031628926595,179.25
88,88,47.0,2023-12-03,5.01606982421875,139.0,32.89648335774739,176.125
89,89,47.0,2023-11-29,3.7528798828125,139.0,25.57428334554037,175.703125
90,90,47.0,2023-11-26,3.332840087890625,144.0,20.613016510009764,178.359375
91,91,47.0,2023-11-25,6.66393994140625,148.0,43.55413309733073,172.640625
92,92,,2023-11-23,3.50083,104.0,21.9,
93,93,48.0,2023-11-21,5.0098701171875,141.0,32.33133323987325,176.515625
94,94,47.0,2023-11-19,5.254759765625,150.0,33.35245005289713,174.96875
95,95,48.0,2023-11-18,5.62327001953125,143.0,36.12728322347005,171.375
96,96,48.0,2023-11-16,4.14,146.0,27.343766530354817,173.484375
97,97,48.0,2023-11-14,4.08814990234375,144.0,26.975516764322915,175.921875
98,98,48.0,2023-11-11,3.536909912109375,147.0,22.202133433024088,175.296875
99,99,48.0,2023-11-09,5.25022021484375,141.0,34.75109977722168,173.09375
100,100,48.0,2023-11-07,3.9188701171875,140.0,26.869200134277342,171.421875
101,101,49.0,2023-11-05,2.78475,138.0,17.83780008951823,172.109375
102,102,49.0,2023-11-03,2.3835,140.0,16.071600087483723,172.453125
103,103,50.0,2023-10-10,8.2061796875,143.0,50.26098314921061,177.328125
104,104,50.0,2023-10-09,6.0090400390625,143.0,35.70396678845088,179.703125
105,105,50.0,2023-10-05,9.0023896484375,145.0,56.338250223795576,177.1875
106,106,50.0,2023-10-03,7.0115400390625,142.0,43.62276662190755,175.390625
107,107,50.0,2023-09-30,10.315240234375,142.0,62.751583353678384,178.59375
108,108,50.0,2023-09-28,6.66539990234375,142.0,40.92505035400391,176.6875
109,109,50.0,2023-09-26,7.64,134.0,39.50306650797526,179.75
110,110,49.0,2023-09-23,7.775580078125,140.0,47.52933349609375,175.203125
111,111,49.0,2023-09-21,4.15631982421875,137.0,26.469299825032554,176.109375
112,112,48.0,2023-09-19,4.18164013671875,137.0,26.56473337809245,172.140625
113,113,48.0,2023-09-17,21.338150390625,166.0,118.46258341471354,181.6875
114,114,49.0,2023-09-14,6.66218994140625,139.0,40.145216369628905,178.6875
115,115,49.0,2023-09-12,7.55691015625,143.0,48.543399556477866,175.34375
116,116,49.0,2023-09-10,13.0616201171875,151.0,79.85259958902995,176.0
117,117,49.0,2023-09-07,8.4504296875,149.0,48.83951670328776,178.96875
118,118,49.0,2023-09-05,6.66491015625,143.0,40.739750162760416,177.15625
119,119,49.0,2023-09-03,5.37141015625,148.0,34.661983235677084,179.625
120,120,50.0,2023-08-24,5.81081982421875,146.0,34.64249979654948,177.921875
121,121,50.0,2023-08-22,9.110330078125,144.0,56.813333129882814,177.375
122,122,49.0,2023-08-19,5.09081982421875,143.0,30.6670166015625,178.375
123,123,49.0,2023-08-17,5.0589501953125,145.0,30.66595001220703,178.453125
124,124,49.0,2023-08-15,5.00602001953125,154.0,28.544933573404947,180.28125
125,125,49.0,2023-08-14,8.2544296875,147.0,50.98058319091797,176.125
126,126,50.0,2023-08-12,3.602909912109375,143.0,21.695233662923176,180.15625
127,127,49.0,2023-08-08,5.546830078125,148.0,34.50450057983399,178.71875
128,128,50.0,2023-08-06,3.367639892578125,133.0,20.425266774495444,180.078125
129,129,49.0,2023-08-05,5.14691015625,139.0,32.46371663411458,176.578125
130,130,49.0,2023-08-03,3.33939990234375,135.0,20.737066141764323,177.9375
131,131,49.0,2023-07-29,8.04618017578125,152.0,52.01335042317708,176.296875
132,132,50.0,2023-06-27,5.6617001953125,130.0,34.56358388264974,180.6875
133,133,49.0,2023-06-26,5.46447021484375,131.0,36.45750020345052,179.421875
134,134,49.0,2023-06-25,1.009489990234375,124.0,7.55,164.0
135,135,49.0,2023-06-24,13.129259765625,135.0,84.15976651509602,165.046875
136,136,49.0,2023-06-23,8.22325,136.0,51.938133239746094,177.015625
137,137,49.0,2023-06-23,1.236489990234375,143.0,7.18106689453125,184.84375
138,138,49.0,2023-06-22,11.0066396484375,145.0,69.3382334391276,180.6875
139,139,49.0,2023-06-21,9.2353701171875,148.0,62.43583323160807,177.953125
140,140,51.0,2023-06-20,10.144,140.0,64.54733327229818,179.4375
141,141,51.0,2023-06-19,10.4198203125,146.0,63.936833190917966,181.5625
142,142,52.0,2023-06-17,6.36989013671875,137.0,39.53441670735677,172.234375
143,143,52.0,2023-06-16,13.6492197265625,138.0,80.17381642659505,181.359375
144,144,52.0,2023-06-15,5.65943994140625,133.0,35.57658335367839,179.84375
145,145,52.0,2023-06-14,13.20926953125,136.0,81.54309997558593,180.609375
146,146,52.0,2023-06-13,8.3035595703125,132.0,52.01348317464193,177.125
147,147,52.0,2023-06-12,9.6312998046875,141.0,57.30501658121745,177.40625
148,148,52.0,2023-06-11,5.01589990234375,133.0,29.904633100827535,177.65625
149,149,52.0,2023-06-10,21.155779296875,154.0,115.89815012613931,180.0
150,150,52.0,2023-06-09,8.1845400390625,132.0,49.90815022786458,178.03125
151,151,52.0,2023-06-08,11.1096396484375,130.0,69.26041666666667,177.625
152,152,52.0,2023-06-07,12.0343896484375,140.0,71.25140012105307,182.796875
153,153,52.0,2023-06-06,10.69508984375,140.0,65.28711649576823,178.015625
154,154,53.0,2023-06-05,13.071740234375,138.0,74.61316680908203,182.71875
155,155,52.0,2023-06-04,10.9026298828125,140.0,65.06504974365234,175.46875
156,156,53.0,2023-06-03,14.268349609375,141.0,91.00656636555988,175.828125
157,157,53.0,2023-06-02,16.749369140625,133.0,105.57155049641928,172.265625
158,158,53.0,2023-06-01,6.87243994140625,133.0,40.53459981282552,179.921875
159,159,53.0,2023-05-31,10.57048046875,134.0,63.302433268229166,181.734375
160,160,53.0,2023-05-30,13.234759765625,140.0,76.1829828898112,182.828125
161,161,53.0,2023-05-29,13.7413095703125,133.0,83.48926696777343,176.484375
162,162,53.0,2023-05-28,12.5637197265625,137.0,74.42183329264323,183.078125
163,163,53.0,2023-05-27,6.0703701171875,135.0,37.88404998779297,180.1875
164,164,53.0,2023-05-26,10.0525400390625,130.0,60.14761657714844,182.703125
165,165,53.0,2023-05-25,8.6263095703125,135.0,50.91398315429687,180.21875
166,166,52.0,2023-05-24,11.6648603515625,130.0,71.72706705729166,178.71875
167,167,52.0,2023-05-23,10.4745498046875,136.0,62.02451705932617,182.484375
168,168,52.0,2023-05-22,11.6646298828125,136.0,67.27993316650391,182.78125
169,169,52.0,2023-05-21,12.0110498046875,135.0,74.02538344065348,180.515625
170,170,52.0,2023-05-20,9.01701953125,136.0,55.43426717122396,173.59375
171,171,52.0,2023-05-19,12.2423701171875,139.0,72.6273993174235,178.625
172,172,52.0,2023-05-18,1.206449951171875,129.0,7.287083307902019,181.5
173,173,52.0,2023-05-18,14.0174404296875,130.0,89.13028361002604,173.703125
174,174,52.0,2023-05-17,12.5648701171875,130.0,77.59593302408854,178.796875
175,175,52.0,2023-05-16,7.03081005859375,129.0,46.67286643981934,178.90625
176,176,52.0,2023-05-15,8.467849609375,132.0,54.66718368530273,176.984375
177,177,52.0,2023-05-14,42.91662890625,156.0,229.1304499308268,186.578125
178,178,53.0,2023-05-13,7.15333984375,143.0,41.23136672973633,182.109375
179,179,52.0,2023-05-12,12.038759765625,134.0,70.62063293457031,174.03125
180,180,52.0,2023-05-11,10.70516015625,136.0,65.66410013834636,172.96875
181,181,52.0,2023-05-10,9.5366796875,139.0,55.5364496866862,181.765625
182,182,52.0,2023-05-09,15.5770302734375,144.0,89.16480000813802,183.640625
183,183,52.0,2023-05-08,12.0238095703125,142.0,71.45210048357646,181.015625
184,184,52.0,2023-05-07,11.80358984375,146.0,64.45391693115235,184.796875
185,185,52.0,2023-05-06,6.05493017578125,142.0,35.43346659342448,184.1875
186,186,52.0,2023-05-05,16.84975,143.0,97.37233378092448,182.15625
187,187,52.0,2023-05-04,14.136900390625,140.0,81.45673319498698,182.890625
188,188,52.0,2023-05-03,13.0600595703125,151.0,71.64791730244954,185.5
189,189,53.0,2023-05-02,6.6718798828125,145.0,38.155233001708986,183.328125
190,190,53.0,2023-05-01,12.2443798828125,141.0,69.95180002848308,181.40625
191,191,52.0,2023-04-30,14.0673203125,135.0,83.06325063705444,181.578125
192,192,52.0,2023-04-29,11.0146904296875,132.0,64.66940053304036,178.265625
193,193,52.0,2023-04-28,11.217419921875,140.0,67.02330055236817,180.6875
194,194,52.0,2023-04-27,13.608080078125,149.0,80.11836725870768,181.90625
195,195,53.0,2023-04-26,24.5014609375,139.0,152.25323282877605,169.359375
196,196,53.0,2023-04-25,10.738419921875,133.0,62.63793385823568,182.703125
197,197,53.0,2023-04-24,13.1169697265625,138.0,76.74023348490397,182.796875
198,198,53.0,2023-04-23,12.5088798828125,137.0,69.7984832763672,182.015625
199,199,52.0,2023-04-22,11.38425,132.0,66.280099995931,179.375
200,200,52.0,2023-04-21,11.03275,133.0,65.41648356119792,176.6875
201,201,51.0,2023-04-20,13.1305302734375,133.0,78.37381693522136,177.84375
202,202,51.0,2023-04-19,17.638970703125,144.0,104.03353322347006,181.296875
203,203,51.0,2023-04-18,11.3011298828125,139.0,65.51875,175.0
204,204,51.0,2023-04-17,22.219130859375,142.0,129.03698285420737,181.796875
205,205,51.0,2023-04-16,15.19991015625,136.0,90.30049997965494,182.171875
206,206,51.0,2023-04-15,19.7985,138.0,120.4871831258138,179.0
207,207,51.0,2023-04-14,13.82216015625,140.0,80.80188344319662,180.703125
208,208,51.0,2023-04-13,13.6356396484375,144.0,79.47658335367838,182.28125
209,209,51.0,2023-04-12,10.5836396484375,158.0,63.98516642252604,179.40625
210,210,52.0,2023-04-11,10.0153603515625,137.0,59.18753331502278,182.9375
211,211,52.0,2023-04-10,13.21083984375,138.0,76.94016672770182,182.796875
212,212,52.0,2023-04-09,11.006900390625,132.0,66.89905039469402,182.5625
213,213,52.0,2023-04-08,16.00675,133.0,97.10859985351564,168.46875
214,214,51.0,2023-04-07,17.53126953125,133.0,105.81014963785807,168.96875
215,215,51.0,2023-04-06,10.4092900390625,140.0,62.32656682332357,178.75
216,216,51.0,2023-04-05,13.0258701171875,140.0,80.07365037600199,174.640625
217,217,52.0,2023-04-04,6.9068798828125,136.0,42.48584950764974,179.0625
218,218,52.0,2023-04-04,5.495580078125,142.0,31.977083587646483,184.34375
219,219,52.0,2023-04-03,10.062169921875,135.0,59.961883036295575,174.546875
220,220,52.0,2023-04-02,15.599099609375,133.0,94.89320017496745,180.84375
221,221,52.0,2023-04-01,13.3952197265625,135.0,78.52513326009115,181.75
222,222,52.0,2023-03-31,15.043490234375,130.0,88.36698354085287,176.890625
223,223,51.0,2023-03-30,12.7391396484375,135.0,75.28326663970947,179.140625
224,224,51.0,2023-03-29,15.1245,137.0,88.9688003540039,179.6875
225,225,51.0,2023-03-28,11.0045498046875,161.0,64.43771667480469,175.734375
226,226,52.0,2023-03-27,15.0372001953125,141.0,86.48469975789388,178.4375
227,227,52.0,2023-03-26,8.2828798828125,137.0,49.95269991556803,183.1875
228,228,52.0,2023-03-25,21.172330078125,141.0,122.17168375651042,183.53125
229,229,52.0,2023-03-24,15.736919921875,134.0,94.51101684570312,178.265625
230,230,52.0,2023-03-23,16.006900390625,134.0,96.51078338623049,171.4375
231,231,52.0,2023-03-22,13.50026953125,139.0,82.21654968261718,175.921875
232,232,53.0,2023-03-21,10.718580078125,139.0,60.64198328653971,175.375
233,233,53.0,2023-03-20,11.60826953125,142.0,68.8208667755127,182.65625
234,234,52.0,2023-03-19,14.0805498046875,134.0,83.20649973551433,166.921875
235,235,52.0,2023-03-18,9.084400390625,132.0,56.45544993082682,180.203125
236,236,52.0,2023-03-17,17.51605078125,140.0,105.18031667073568,181.53125
237,237,52.0,2023-03-16,11.2426298828125,136.0,65.4897663752238,176.984375
238,238,53.0,2023-03-15,13.4007998046875,134.0,82.6511001586914,178.40625
239,239,,2023-03-14,0.7148099975585938,129.0,3.816666666666667,184.9375
240,240,53.0,2023-03-14,17.868689453125,135.0,106.80348358154296,183.234375
241,241,,2023-03-14,0.4888599853515625,126.0,2.6166666666666667,182.796875
242,242,52.0,2023-03-13,11.00641015625,137.0,66.95063349405925,180.875
243,243,52.0,2023-03-12,15.4313701171875,136.0,96.12190068562826,178.765625
244,244,53.0,2023-03-11,20.044740234375,136.0,120.53630040486654,175.9375
245,245,53.0,2023-03-10,15.4020302734375,134.0,94.99713338216146,178.078125
246,246,53.0,2023-03-09,15.4129404296875,137.0,93.37160040537516,182.421875
247,247,53.0,2023-03-08,12.3535,137.0,72.19423294067383,176.21875
248,248,53.0,2023-03-07,12.848169921875,133.0,82.3423838297526,169.09375
249,249,53.0,2023-03-06,14.8204296875,135.0,87.7574829419454,175.1875
250,250,53.0,2023-03-05,17.80044921875,139.0,105.33236694335938,177.484375
251,251,53.0,2023-03-04,17.031849609375,133.0,102.49500020345052,178.234375
252,252,53.0,2023-03-03,13.862419921875,135.0,79.85253346761068,178.015625
253,253,52.0,2023-03-02,15.0488798828125,136.0,87.15373318990072,180.890625
254,254,52.0,2023-03-01,14.7727900390625,135.0,87.57931671142578,174.328125
255,255,52.0,2023-02-28,12.60408984375,134.0,73.49606679280599,176.84375
256,256,52.0,2023-02-27,14.5721298828125,138.0,86.63431650797526,181.3125
257,257,51.0,2023-02-26,13.0154501953125,144.0,77.70455017089844,177.046875
258,258,51.0,2023-02-25,15.2196796875,140.0,93.19498341878256,180.0625
259,259,51.0,2023-02-24,14.3579697265625,141.0,87.2998664855957,177.0
260,260,52.0,2023-02-23,16.0878095703125,148.0,96.99303283691408,178.203125
261,261,52.0,2023-02-22,14.1393896484375,140.0,83.57695007324219,177.15625
262,262,52.0,2023-02-21,15.0002099609375,148.0,80.8664166768392,176.796875
263,263,52.0,2023-02-20,11.882849609375,139.0,68.63468373616537,171.359375
264,264,52.0,2023-02-19,21.13351953125,131.0,128.46446634928387,174.8125
265,265,52.0,2023-02-18,12.3767900390625,137.0,72.59843343098959,179.5625
266,266,51.0,2023-02-17,10.7195,143.0,62.9176996866862,180.921875
267,267,51.0,2023-02-16,13.08075,141.0,76.25598335266113,179.59375
268,268,51.0,2023-02-15,10.3426298828125,142.0,59.894667053222655,184.09375
269,269,51.0,2023-02-14,12.46998046875,140.0,71.96708323160807,174.546875
270,270,51.0,2023-02-13,11.6502001953125,134.0,70.90639979044596,176.765625
271,271,50.0,2023-02-12,24.601990234375,139.0,148.7763666788737,171.5625
272,272,50.0,2023-02-11,10.0111103515625,140.0,62.676866658528645,173.171875
273,273,50.0,2023-02-10,12.2864404296875,143.0,75.99334971110027,177.734375
274,274,50.0,2023-02-09,12.4736396484375,137.0,77.74451649983725,166.59375
275,275,50.0,2023-02-08,17.063880859375,143.0,103.4857162475586,172.59375
276,276,50.0,2023-02-07,11.623990234375,140.0,69.80659990310669,177.375
277,277,50.0,2023-02-06,10.1258798828125,149.0,60.349883270263675,177.3125
278,278,50.0,2023-02-05,13.7041201171875,140.0,86.31196645100911,175.25
279,279,51.0,2023-02-04,21.445029296875,144.0,131.30529963175456,175.328125
280,280,51.0,2023-02-03,11.43726953125,144.0,70.82794952392578,173.6875
281,281,51.0,2023-02-02,15.692400390625,139.0,95.5057500521342,174.46875
282,282,50.0,2023-02-01,17.042609375,139.0,101.39319942792255,178.265625
283,283,50.0,2023-01-31,12.929650390625,157.0,77.53861668904622,176.265625
284,284,51.0,2023-01-30,10.521349609375,141.0,64.05706647237142,180.46875
285,285,52.0,2023-01-29,13.54723046875,142.0,81.90826670328777,176.890625
286,286,52.0,2023-01-28,16.086330078125,142.0,94.80998306274414,173.0625
287,287,52.0,2023-01-27,11.674830078125,147.0,65.08958282470704,181.875
288,288,52.0,2023-01-26,15.6594296875,141.0,93.5310826619466,180.828125
289,289,52.0,2023-01-25,19.351640625,142.0,112.89791692097982,174.015625
290,290,52.0,2023-01-24,12.8593203125,146.0,73.43558273315429,183.125
291,291,52.0,2023-01-23,12.0058095703125,143.0,69.82893371582031,179.171875
292,292,,2023-01-22,13.389990234375,158.0,84.1687001546224,166.359375
293,293,52.0,2023-01-21,14.01691015625,143.0,87.26958363850912,174.484375
294,294,52.0,2023-01-20,11.4068896484375,138.0,68.13941701253255,176.5
295,295,51.0,2023-01-19,15.1564599609375,140.0,89.72961743672688,178.453125
296,296,51.0,2023-01-18,11.0687197265625,137.0,67.24393348693847,177.46875
297,297,51.0,2023-01-17,10.2575595703125,144.0,59.58973318735759,182.71875
298,298,51.0,2023-01-16,12.291349609375,141.0,74.62674942016602,180.6875
299,299,52.0,2023-01-15,10.0146796875,141.0,60.66540018717448,178.953125
300,300,52.0,2023-01-14,14.287990234375,139.0,87.9229337056478,176.609375
301,301,52.0,2023-01-13,11.9327001953125,139.0,73.91001688639322,176.484375
302,302,52.0,2023-01-12,10.4288203125,136.0,65.2498332977295,172.484375
303,303,52.0,2023-01-11,11.1194404296875,147.0,64.97856674194335,181.4375
304,304,52.0,2023-01-10,15.0093203125,135.0,92.18501688639324,179.53125
305,305,52.0,2023-01-09,7.352490234375,138.0,42.48083318074544,183.296875
306,306,52.0,2023-01-08,1.664280029296875,131.0,9.908216603597005,178.0
307,307,52.0,2023-01-08,17.101330078125,130.0,106.60403340657552,178.0625
308,308,,2023-01-07,14.4397197265625,152.0,88.87083333333334,165.359375
309,309,52.0,2023-01-06,10.1864501953125,129.0,63.62906646728515,176.96875
310,310,51.0,2023-01-05,9.122669921875,128.0,58.79631703694661,175.328125
311,311,51.0,2023-01-04,11.1628203125,132.0,69.01629994710287,172.203125
312,312,50.0,2023-01-03,8.90166015625,136.0,56.230149841308595,178.71875
313,313,50.0,2023-01-02,10.6780498046875,136.0,66.51850026448568,177.578125
314,314,50.0,2023-01-01,7.67631005859375,144.0,48.298483276367186,178.0
315,315,51.0,2022-12-31,15.152349609375,139.0,96.27386716206868,175.421875
316,316,51.0,2022-12-30,15.7742802734375,143.0,96.2066665649414,168.453125
317,317,51.0,2022-12-29,10.121919921875,135.0,63.09205023447672,178.359375
318,318,51.0,2022-12-28,5.0000498046875,169.0,22.64380009969075,195.453125
319,319,,2022-12-28,1.248030029296875,162.0,7.95,164.84375
320,320,51.0,2022-12-27,11.81433984375,137.0,71.00608367919922,177.171875
321,321,51.0,2022-12-26,17.260419921875,132.0,108.39600003560383,178.140625
322,322,51.0,2022-12-25,10.13423046875,130.0,60.497616577148435,178.046875
323,323,50.0,2022-12-24,11.3563203125,134.0,73.89239959716797,166.53125
324,324,50.0,2022-12-23,11.60173046875,145.0,73.12658360799153,175.453125
325,325,51.0,2022-12-22,11.210169921875,140.0,71.39423370361328,170.046875
326,326,51.0,2022-12-21,17.832779296875,140.0,109.76853345235187,178.453125
327,327,51.0,2022-12-20,6.2627001953125,150.0,33.80591684977214,181.71875
328,328,52.0,2022-12-19,13.1102001953125,141.0,78.7724838256836,180.984375
329,329,52.0,2022-12-18,5.02293994140625,139.0,31.00969950358073,180.53125
330,330,52.0,2022-12-17,13.4304501953125,140.0,80.01423314412435,176.3125
331,331,52.0,2022-12-16,10.609259765625,140.0,64.12601636250814,177.78125
332,332,51.0,2022-12-15,21.347439453125,136.0,130.3368667602539,161.21875
333,333,51.0,2022-12-14,11.5649697265625,140.0,70.2486001332601,167.578125
334,334,51.0,2022-12-13,12.74316015625,144.0,72.79004974365235,182.03125
335,335,51.0,2022-12-12,13.8847001953125,138.0,83.73901621500652,180.484375
336,336,51.0,2022-12-11,15.812669921875,142.0,94.29126688639325,176.671875
337,337,51.0,2022-12-10,18.585759765625,139.0,112.1257329305013,179.265625
338,338,51.0,2022-12-09,13.4209697265625,145.0,77.69488309224447,172.953125
339,339,51.0,2022-12-08,11.5096298828125,138.0,68.52526677449545,157.84375
340,340,51.0,2022-12-07,13.699,140.0,81.51125030517578,174.75
341,341,51.0,2022-12-06,9.30926953125,141.0,53.556967163085936,182.71875
342,342,51.0,2022-12-05,12.041240234375,134.0,74.01753323872884,175.625
343,343,50.0,2022-12-04,12.26533984375,141.0,71.77953325907389,179.1875
344,344,51.0,2022-12-03,10.7613203125,140.0,67.64603322347006,169.328125
345,345,51.0,2022-12-02,12.3318603515625,140.0,75.24373346964518,179.046875
346,346,50.0,2022-12-01,10.821509765625,144.0,62.92358271280924,181.96875
347,347,51.0,2022-11-30,12.609509765625,139.0,76.55316619873047,179.671875
348,348,50.0,2022-11-29,10.4344501953125,139.0,63.15278339385986,175.375
349,349,50.0,2022-11-28,9.5698603515625,144.0,54.70785013834635,180.46875
350,350,,2022-11-27,1.038050048828125,136.0,6.633333333333334,173.765625
351,351,50.0,2022-11-27,16.14648046875,135.0,99.4652338027954,172.296875
352,352,50.0,2022-11-27,2.245889892578125,138.0,13.2,178.546875
353,353,50.0,2022-11-26,12.27666015625,139.0,75.47181701660156,178.09375
354,354,50.0,2022-11-25,11.2519697265625,151.0,66.83943328857421,176.3125
355,355,50.0,2022-11-24,15.5191396484375,143.0,92.19359944661458,177.796875
356,356,50.0,2022-11-23,8.7523203125,145.0,49.713966623942056,181.453125
357,357,50.0,2022-11-22,10.5570400390625,145.0,62.6355167388916,180.0
358,358,50.0,2022-11-21,12.150490234375,142.0,74.99194997151693,175.421875
359,359,50.0,2022-11-19,12.226650390625,137.0,77.01626675923666,173.578125
360,360,50.0,2022-11-18,11.74841015625,149.0,73.40291697184244,175.453125
361,361,51.0,2022-11-17,13.6254404296875,136.0,87.13818333943685,176.03125
362,362,51.0,2022-11-16,13.5436201171875,138.0,81.4146832148234,176.515625
363,363,51.0,2022-11-15,10.000509765625,128.0,63.80018310546875,161.015625
364,364,51.0,2022-11-14,12.444400390625,132.0,76.0929168701172,179.125
365,365,50.0,2022-11-12,13.0123095703125,138.0,79.88305002848307,174.21875
366,366,50.0,2022-11-11,10.7902900390625,136.0,65.905099995931,176.734375
367,367,50.0,2022-11-10,12.2003203125,143.0,73.4646998723348,177.484375
368,368,50.0,2022-11-09,8.9786298828125,137.0,52.24691638946533,167.1875
369,369,50.0,2022-11-08,10.4085302734375,136.0,64.78333333333333,173.0625
370,370,50.0,2022-11-07,10.8799296875,139.0,66.53099975585937,177.796875
371,371,50.0,2022-11-06,11.5669501953125,135.0,70.48993352254232,169.609375
372,372,49.0,2022-11-04,12.0302998046875,135.0,72.87355003356933,170.890625
373,373,49.0,2022-11-03,9.044919921875,142.0,50.556566619873045,179.09375
374,374,49.0,2022-11-02,10.0094501953125,130.0,64.47741670211157,165.0
375,375,49.0,2022-11-01,7.5752099609375,148.0,44.78563305536906,173.609375
376,376,49.0,2022-10-31,11.1325302734375,143.0,67.90345026652018,169.96875
377,377,48.0,2022-10-29,7.20008984375,141.0,46.75199979146321,168.65625
378,378,49.0,2022-10-28,14.7664501953125,128.0,98.11031646728516,156.96875
379,379,49.0,2022-10-27,11.028330078125,126.0,69.32098352114359,140.078125
380,380,49.0,2022-10-26,10.3641396484375,140.0,60.30428314208984,178.078125
381,381,49.0,2022-10-25,12.1354501953125,136.0,74.11451619466146,170.34375
382,382,48.0,2022-10-24,11.79876953125,136.0,73.5538330078125,172.671875
383,383,48.0,2022-10-23,1.5944000244140626,156.0,9.95,175.890625
384,384,48.0,2022-10-23,11.6570302734375,132.0,73.60864995320638,156.578125
385,385,48.0,2022-10-22,14.0446298828125,139.0,87.50154927571614,172.75
386,386,48.0,2022-10-21,12.2765400390625,139.0,76.30733337402344,171.65625
387,387,48.0,2022-10-20,12.5933603515625,143.0,78.59145024617513,166.109375
388,388,48.0,2022-10-19,8.2850703125,142.0,48.735250043869016,164.0625
389,389,48.0,2022-10-18,14.0028896484375,148.0,84.11514994303386,175.140625
390,390,48.0,2022-10-17,13.0103603515625,133.0,80.8471165974935,156.796875
391,391,48.0,2022-10-16,16.0074599609375,136.0,100.1443000157674,174.21875
392,392,48.0,2022-10-15,9.2617001953125,137.0,57.17821706136068,174.28125
393,393,48.0,2022-10-14,7.90056005859375,133.0,49.916700236002605,172.21875
394,394,48.0,2022-10-13,10.6559599609375,140.0,68.29879986147085,169.34375
395,395,48.0,2022-10-11,8.2798701171875,140.0,51.8851500193278,170.515625
396,396,48.0,2022-10-10,7.34139990234375,146.0,47.56306660970052,159.28125
397,397,48.0,2022-10-09,13.2178603515625,173.8470297029703,67.33333333333333,186.24059405940596
398,398,48.0,2022-10-08,11.678509765625,141.0,75.88328348795572,165.015625
399,399,49.0,2022-10-07,15.344169921875,145.0,92.16163380940756,169.78125
400,400,49.0,2022-10-06,18.1140390625,150.0,113.61226663589476,169.859375
401,401,49.0,2022-10-04,13.507990234375,151.0,81.47839965820313,169.515625
402,402,49.0,2022-10-03,11.9013701171875,124.0,79.59908345540364,158.8125
403,403,49.0,2022-10-03,1.831489990234375,153.0,9.583250013987223,190.203125
404,404,49.0,2022-10-02,13.6198701171875,135.0,85.18551699320476,173.765625
405,405,50.0,2022-10-01,6.5097998046875,138.0,42.94459991455078,167.109375
406,406,50.0,2022-09-30,8.45175,140.0,53.44451662699382,174.484375
407,407,50.0,2022-09-29,9.0196796875,139.0,56.06514994303385,173.234375
408,408,50.0,2022-09-28,9.0044697265625,140.0,53.168649927775064,179.71875
409,409,50.0,2022-09-27,11.1306103515625,134.0,69.06651662190755,174.078125
410,410,50.0,2022-09-26,11.48751953125,137.0,71.63279978434245,172.65625
411,411,49.0,2022-09-25,8.0013798828125,132.0,57.583333333333336,125.296875
412,412,50.0,2022-09-24,10.1889501953125,144.0,61.87223358154297,175.296875
413,413,50.0,2022-09-23,11.4353603515625,143.0,68.56611684163411,169.453125
414,414,50.0,2022-09-22,11.83675,139.0,74.51729990641276,175.5
415,415,50.0,2022-09-21,11.282740234375,149.0,66.51968320210774,172.34375
416,416,50.0,2022-09-20,8.3838095703125,140.0,49.33463363647461,179.578125
417,417,50.0,2022-09-19,12.228009765625,143.0,74.18071670532227,174.546875
418,418,,2022-09-17,1.4774300537109375,144.0,7.1,189.328125
419,419,50.0,2022-09-17,11.1544501953125,147.0,62.91103286743164,182.734375
420,420,50.0,2022-09-16,7.57881982421875,142.0,44.19708353678386,179.046875
421,421,49.0,2022-09-15,10.113080078125,140.0,62.16175028483073,169.421875
422,422,49.0,2022-09-14,9.5560400390625,142.0,59.82649993896485,178.46875
423,423,50.0,2022-09-13,10.0258603515625,144.0,58.46249983310699,181.5
424,424,50.0,2022-09-12,10.0070302734375,139.0,60.98946685791016,173.34375
425,425,50.0,2022-09-11,12.0613896484375,135.0,77.56305057009061,169.046875
426,426,51.0,2022-09-10,13.5815498046875,135.0,82.11475016276042,158.796875
427,427,50.0,2022-09-08,6.2983798828125,133.0,39.53236643473307,177.359375
428,428,50.0,2022-09-07,9.53958984375,136.0,58.433899879455566,174.421875
429,429,50.0,2022-09-06,11.920150390625,144.0,73.33175036112468,177.6875
430,430,50.0,2022-09-05,5.32785986328125,140.0,32.25511678059896,176.671875
431,431,,2022-09-05,3.109260009765625,128.0,18.578000895182292,
432,432,50.0,2022-09-04,11.2098896484375,145.0,68.36230010986328,173.609375
433,433,50.0,2022-09-02,5.34441015625,161.0,27.46103312174479,167.6875
434,434,51.0,2022-09-01,6.08252001953125,142.0,37.98336696624756,175.59375
435,435,51.0,2022-08-31,6.29866015625,136.0,40.79960009256999,174.109375
436,436,51.0,2022-08-26,7.40339990234375,134.0,45.212999979654946,176.4375
437,437,51.0,2022-08-25,10.3767998046875,135.0,63.109083557128905,173.625
438,438,51.0,2022-08-24,11.535669921875,136.0,70.0051996866862,176.015625
439,439,51.0,2022-08-23,16.0081103515625,137.0,95.92260030110675,176.8125
440,440,51.0,2022-08-22,11.4587998046875,138.0,68.28478342692057,176.859375
441,441,50.0,2022-08-21,13.9506796875,137.0,87.95773366292318,176.828125
442,442,50.0,2022-08-20,14.0095595703125,142.0,82.10571645100912,177.71875
443,443,50.0,2022-08-19,10.383599609375,137.0,64.40481669108073,172.125
444,444,50.0,2022-08-18,12.010490234375,143.0,73.05448315938314,179.53125
445,445,50.0,2022-08-17,10.009099609375,147.0,59.85140024820963,177.59375
446,446,50.0,2022-08-16,4.9772099609375,157.0,27.20838368733724,183.71875
447,447,51.0,2022-08-16,10.6683095703125,143.0,63.341033426920575,169.71875
448,448,51.0,2022-08-15,8.2659296875,140.0,50.960349782307944,179.59375
449,449,51.0,2022-08-13,12.2350703125,133.0,78.93244984944661,169.0
450,450,50.0,2022-08-12,12.38726953125,140.0,75.59044970671336,173.234375
451,451,51.0,2022-08-11,10.066259765625,142.0,61.091582743326825,177.96875
452,452,51.0,2022-08-10,13.0090498046875,146.0,73.3660499572754,171.625
453,453,51.0,2022-08-08,11.7594296875,134.0,70.88161645531655,180.09375
454,454,51.0,2022-08-07,10.3145,141.0,62.66403299967448,177.90625
455,455,51.0,2022-08-06,17.303060546875,136.0,108.7859664916992,167.953125
456,456,51.0,2022-08-05,10.435080078125,141.0,62.40723317464192,174.46875
457,457,51.0,2022-08-04,8.9952900390625,147.0,53.85578308105469,172.40625
458,458,51.0,2022-08-03,10.820509765625,137.0,65.79459940592447,178.125
459,459,51.0,2022-08-02,11.451169921875,139.0,65.30055033365885,179.9375
460,460,51.0,2022-08-01,10.652419921875,135.0,62.80611673990885,174.578125
461,461,50.0,2022-07-31,12.3459404296875,145.0,70.8877665201823,180.234375
462,462,50.0,2022-07-29,12.0087197265625,136.0,74.68179982503256,173.078125
463,463,50.0,2022-07-28,11.1757900390625,148.0,66.05019967556,177.5625
464,464,50.0,2022-07-27,10.01516015625,138.0,59.37150014241536,177.765625
465,465,50.0,2022-07-26,1.50777001953125,141.0,8.226516723632812,184.828125
466,466,50.0,2022-07-26,15.0596396484375,136.0,92.89123280843098,177.8125
467,467,50.0,2022-07-25,15.126759765625,139.0,93.78858362833658,173.578125
468,468,50.0,2022-07-24,1.317030029296875,131.0,7.572866694132487,166.890625
469,469,50.0,2022-07-24,7.68581982421875,144.0,47.14536641438802,177.0
470,470,50.0,2022-07-23,9.5639296875,138.0,56.69821624755859,178.8125
471,471,49.0,2022-07-22,11.35326953125,138.0,72.18661651611328,178.0625
472,472,49.0,2022-07-21,12.255990234375,144.0,78.09513346354167,167.5625
473,473,50.0,2022-07-20,13.3328203125,144.0,81.43908411661783,176.703125
474,474,50.0,2022-07-19,10.95,143.0,66.29966634114584,174.28125
475,475,50.0,2022-07-18,14.6241904296875,141.0,88.88811683654785,175.625
476,476,50.0,2022-07-16,15.6571904296875,142.0,93.60943272908528,181.40625
477,477,50.0,2022-07-15,10.6178701171875,141.0,62.81046651204427,179.171875
478,478,50.0,2022-07-14,9.0981796875,137.0,55.51883290608724,179.359375
479,479,50.0,2022-07-13,10.251919921875,140.0,63.4453000386556,176.296875
480,480,49.0,2022-07-12,12.541400390625,143.0,76.38348337809245,173.46875
481,481,50.0,2022-07-11,8.18131982421875,138.0,50.10463358561198,177.703125
482,482,49.0,2022-07-10,5.07433984375,139.0,29.530700174967446,173.734375
483,483,49.0,2022-07-09,8.65376953125,143.0,51.78705037434896,177.203125
484,484,49.0,2022-07-08,10.5037099609375,137.0,65.12051722208659,177.5625
485,485,50.0,2022-07-07,21.179330078125,138.0,127.867116800944,173.640625
486,486,49.0,2022-07-05,8.094509765625,138.0,49.6517999013265,175.234375
487,487,49.0,2022-07-04,10.34826953125,142.0,62.90534973144531,179.078125
488,488,49.0,2022-07-03,8.3342099609375,136.0,52.032049560546874,171.625
489,489,49.0,2022-07-02,12.385099609375,137.0,77.03634948730469,177.28125
490,490,49.0,2022-07-01,11.2180400390625,147.0,68.82278340657552,171.4375
491,491,49.0,2022-06-30,5.304169921875,144.0,31.93471670150757,180.234375
492,492,49.0,2022-06-29,7.249759765625,142.0,44.9367670694987,176.84375
493,493,49.0,2022-06-28,7.85714013671875,138.0,49.4767333984375,178.375
494,494,49.0,2022-06-28,10.3638603515625,136.0,65.19116617838542,176.53125
495,495,48.0,2022-06-27,5.017759765625,145.0,31.05778350830078,178.46875
496,496,49.0,2022-06-27,1.6956800537109376,140.0,8.974300130208333,186.78125
497,497,48.0,2022-06-26,2.069219970703125,158.0,12.6885498046875,173.40625
498,498,49.0,2022-06-26,5.01035009765625,173.0,23.9822998046875,191.09375
499,499,49.0,2022-06-26,2.0069000244140627,139.0,12.595799763997396,173.8125
500,500,49.0,2022-06-25,5.0115498046875,139.0,31.131983439127605,173.171875
501,501,49.0,2022-06-24,11.812830078125,153.0,68.14023335774739,171.171875
502,502,49.0,2022-06-23,11.831150390625,141.0,71.72495015462239,171.875
503,503,49.0,2022-06-22,10.16401953125,150.0,58.41358337402344,181.4375
504,504,,2022-06-21,1.54675,122.0,32.31666666666667,158.78125
505,505,49.0,2022-06-20,11.1346201171875,144.0,69.46979993184408,155.25
506,506,49.0,2022-06-18,14.4507998046875,142.0,85.21998291015625,174.953125
507,507,49.0,2022-06-16,12.0580595703125,143.0,74.81466662089029,177.328125
508,508,49.0,2022-06-14,13.84625,140.0,85.08511695861816,168.0
509,509,50.0,2022-06-13,10.6455302734375,138.0,64.63648325602213,178.21875
510,510,49.0,2022-06-12,8.653419921875,140.0,53.50444997151693,170.25
511,511,49.0,2022-06-11,15.01008984375,147.0,93.10871709187826,168.75
512,512,49.0,2022-06-09,12.8683701171875,136.0,79.69911677042643,164.109375
513,513,49.0,2022-06-08,11.1541201171875,136.0,71.5529998779297,169.53125
514,514,49.0,2022-06-07,11.1111201171875,141.0,68.6252997080485,176.125
515,515,49.0,2022-06-06,13.1832900390625,136.0,85.34903361002604,171.40625
516,516,49.0,2022-06-05,19.00826953125,145.0,115.81671676635742,179.5625
517,517,49.0,2022-06-03,7.568830078125,135.0,45.751599629720054,148.953125
518,518,49.0,2022-06-02,10.5623203125,142.0,63.45903333028158,179.3125
519,519,49.0,2022-06-01,10.1897998046875,149.0,59.369666226704915,179.625
520,520,49.0,2022-05-31,11.250150390625,148.0,63.54140040079753,182.625
521,521,49.0,2022-05-30,14.0376904296875,150.0,80.19506657918295,181.390625
522,522,49.0,2022-05-29,11.3471201171875,147.0,65.63401679992675,179.078125
523,523,49.0,2022-05-28,14.0109404296875,142.0,86.86725005308787,171.09375
524,524,49.0,2022-05-26,17.18298046875,146.0,105.67073389689128,176.609375
525,525,49.0,2022-05-25,7.77718994140625,138.0,48.29673309326172,175.875
526,526,49.0,2022-05-24,8.4996298828125,148.0,47.93673350016276,179.203125
527,527,49.0,2022-05-23,12.35241015625,144.0,75.69675064086914,178.296875
528,528,49.0,2022-05-22,12.7546298828125,143.0,77.41785024007162,179.3125
529,529,49.0,2022-05-21,13.60683984375,140.0,84.77693379720053,177.671875
530,530,,2022-05-21,0.7986599731445313,164.0,5.0,179.109375
531,531,49.0,2022-05-20,11.00448046875,147.0,64.62281697591146,173.3125
532,532,49.0,2022-05-18,7.51272021484375,144.0,46.76774978637695,176.640625
533,533,49.0,2022-05-17,11.018650390625,153.0,64.90816655953725,174.890625
534,534,49.0,2022-05-16,8.74375,140.0,52.50839958190918,177.046875
535,535,49.0,2022-05-15,11.592009765625,141.0,69.95536626180014,178.75
536,536,49.0,2022-05-13,11.44366015625,146.0,68.80118331909179,178.015625
537,537,49.0,2022-05-12,12.3410498046875,141.0,76.19421641031902,170.21875
538,538,48.0,2022-05-11,11.2290595703125,144.0,69.68053334554037,170.1875
539,539,48.0,2022-05-10,16.0131796875,149.0,94.27389958898226,176.484375
540,540,49.0,2022-05-09,15.62816015625,143.0,91.5093162536621,170.171875
541,541,49.0,2022-05-08,11.01698046875,140.0,68.13921661376953,170.234375
542,542,48.0,2022-05-07,11.553330078125,140.0,71.4917002360026,171.65625
543,543,48.0,2022-05-06,12.582919921875,144.0,75.7454833984375,176.296875
544,544,48.0,2022-05-05,11.90923046875,143.0,74.76725012461344,168.546875
545,545,48.0,2022-05-04,11.1938095703125,142.0,68.04105021158854,173.296875
546,546,48.0,2022-05-03,8.07981982421875,141.0,51.58849994341532,170.65625
547,547,48.0,2022-05-02,14.7562900390625,142.0,90.6369171142578,174.921875
548,548,48.0,2022-04-30,26.12133984375,151.0,160.05800048510233,175.359375
549,549,48.0,2022-04-29,1.25406005859375,135.0,7.423550033569336,161.609375
550,550,48.0,2022-04-29,5.27172998046875,144.0,33.16270014444987,164.734375
551,551,48.0,2022-04-28,10.013,145.0,62.459933853149415,176.953125
552,552,49.0,2022-04-27,9.689240234375,139.0,60.14686635335286,173.171875
553,553,48.0,2022-04-26,5.19835009765625,141.0,33.95266602834066,169.40625
554,554,49.0,2022-04-25,9.1547998046875,139.0,58.36329978307088,171.984375
555,555,49.0,2022-04-24,8.1817998046875,138.0,52.69099998474121,174.4375
556,556,49.0,2022-04-23,20.0284296875,146.0,121.77131640116372,176.859375
557,557,49.0,2022-04-22,10.0032099609375,139.0,63.94063313802083,172.484375
558,558,49.0,2022-04-21,12.37633984375,138.0,77.6037498474121,175.484375
559,559,49.0,2022-04-20,8.11293994140625,146.0,48.300566864013675,168.671875
560,560,49.0,2022-04-19,10.53916015625,139.0,65.13286641438802,169.90625
561,561,49.0,2022-04-18,13.5668203125,144.0,83.88581695556641,164.34375
562,562,49.0,2022-04-17,10.0159599609375,143.0,61.32568320433299,175.90625
563,563,49.0,2022-04-16,13.7178203125,144.0,84.2571496963501,175.328125
564,564,49.0,2022-04-15,12.4907998046875,135.0,80.1983164469401,170.734375
565,565,48.0,2022-04-14,12.1103896484375,138.0,75.31065012613932,174.828125
566,566,48.0,2022-04-13,10.29525,142.0,63.651150131225585,173.5
567,567,48.0,2022-04-12,7.0132900390625,139.0,41.972117042541505,183.5625
568,568,48.0,2022-04-11,12.1057802734375,145.0,78.5309331258138,172.71875
569,569,48.0,2022-04-10,9.8113203125,140.0,60.90180002848307,173.828125
570,570,48.0,2022-04-09,12.0301904296875,143.0,75.336749903361,178.21875
571,571,48.0,2022-04-08,10.1668203125,145.0,63.59056650797526,173.140625
572,572,48.0,2022-04-07,10.0753095703125,141.0,64.77384999593099,171.40625
573,573,48.0,2022-04-05,10.0130595703125,147.0,61.259116872151694,179.125
574,574,48.0,2022-04-04,8.00860986328125,140.0,50.59394989013672,177.796875
575,575,48.0,2022-04-03,10.8063701171875,138.0,68.8384501139323,173.5
576,576,48.0,2022-04-02,13.28351953125,141.0,82.50153325398763,175.515625
577,577,48.0,2022-04-01,10.57808984375,146.0,65.39035034179688,177.671875
578,578,49.0,2022-03-31,10.1757998046875,152.0,62.29571723937988,177.8125
579,579,49.0,2022-03-30,6.35122998046875,137.0,39.53136647542318,180.6875
580,580,49.0,2022-03-29,8.885599609375,143.0,54.22836675643921,180.703125
581,581,49.0,2022-03-28,11.089849609375,146.0,70.07036708196004,175.375
582,582,49.0,2022-03-26,13.0103701171875,147.0,75.25055033365885,179.578125
583,583,49.0,2022-03-25,11.422580078125,141.0,68.78336639404297,176.890625
584,584,49.0,2022-03-24,11.406419921875,143.0,70.33018315633139,179.546875
585,585,48.0,2022-03-23,9.452580078125,146.0,58.58001658121745,171.09375
586,586,49.0,2022-03-22,5.46866015625,134.0,34.81666666666667,166.75
587,587,49.0,2022-03-21,9.0818798828125,144.0,56.3655502319336,173.53125
588,588,48.0,2022-03-20,8.2643203125,143.0,51.88443323771159,171.921875
589,589,49.0,2022-03-19,1.6766199951171874,145.0,9.84911651611328,177.9375
590,590,49.0,2022-03-19,12.174849609375,142.0,74.18873341878255,175.296875
591,591,49.0,2022-03-18,13.0573603515625,143.0,80.99551696777344,159.734375
592,592,49.0,2022-03-17,12.1371796875,148.0,74.66506684621176,169.953125
593,593,49.0,2022-03-16,8.12527001953125,136.0,48.88710021972656,179.265625
594,594,48.0,2022-03-14,10.431150390625,134.0,65.93896687825521,168.453125
595,595,48.0,2022-03-13,11.0157001953125,144.0,69.2551996866862,177.515625
596,596,49.0,2022-03-12,8.8641796875,137.0,55.43311665852865,164.765625
597,597,49.0,2022-03-10,1.283510009765625,140.0,7.745416768391928,183.0625
598,598,48.0,2022-03-10,10.642599609375,138.0,69.08704986572266,178.609375
599,599,49.0,2022-03-09,10.4286298828125,139.0,65.10818328857422,175.203125
600,600,49.0,2022-03-08,8.298150390625,143.0,49.948099772135414,170.640625
601,601,49.0,2022-03-07,10.366509765625,140.0,64.17776692708334,177.90625
602,602,48.0,2022-03-06,1.2135699462890626,142.0,7.466666666666667,178.640625
603,603,48.0,2022-03-06,12.09048046875,143.0,74.85148315429687,166.609375
604,604,49.0,2022-03-06,1.164800048828125,135.0,7.266666666666667,182.8125
605,605,48.0,2022-03-05,10.4743203125,145.0,65.1024668375651,173.78125
606,606,48.0,2022-03-04,9.75225,145.0,61.48060048421224,171.59375
607,607,49.0,2022-03-03,10.70251953125,142.0,67.10413360595703,175.1875
608,608,49.0,2022-03-02,11.2513095703125,144.0,68.80463307698568,178.953125
609,609,49.0,2022-02-28,10.27075,136.0,65.94006690979003,173.703125
610,610,48.0,2022-02-27,1.456300048828125,139.0,8.899866739908854,182.015625
611,611,48.0,2022-02-27,12.0689501953125,142.0,75.62381642659506,174.390625
612,612,48.0,2022-02-26,12.0121103515625,138.0,76.45516713460286,180.078125
613,613,48.0,2022-02-25,10.081,139.0,63.69110005696614,174.125
614,614,48.0,2022-02-24,13.0306396484375,140.0,82.04123382568359,177.40625
615,615,47.0,2022-02-23,5.143759765625,154.0,29.100533548990885,183.5625
616,616,47.0,2022-02-21,10.01726953125,142.0,64.62593332926433,173.640625
617,617,47.0,2022-02-20,18.640119140625,144.0,113.96513315836587,171.203125
618,618,47.0,2022-02-19,11.2284697265625,139.0,70.80475056966146,176.015625
619,619,46.0,2022-02-17,8.28398046875,153.0,51.81339975992839,176.375
620,620,47.0,2022-02-16,8.751259765625,144.0,55.50463358561198,174.421875
621,621,47.0,2022-02-15,10.2931298828125,139.0,62.3579833984375,179.0625
622,622,47.0,2022-02-14,10.059509765625,154.0,63.408817036946616,176.59375
623,623,47.0,2022-02-12,2.06214990234375,141.0,12.65,175.453125
624,624,47.0,2022-02-12,10.2881103515625,142.0,67.41089935302735,175.96875
625,625,47.0,2022-02-12,1.168280029296875,135.0,6.7054997762044275,184.203125
626,626,47.0,2022-02-11,11.390509765625,138.0,72.86239980061849,174.859375
627,627,46.0,2022-02-10,9.105400390625,143.0,59.00691680908203,174.875
628,628,46.0,2022-02-09,7.00564013671875,147.0,43.21221682230632,175.296875
629,629,46.0,2022-02-08,6.31527978515625,144.0,40.62133331298829,177.390625
630,630,46.0,2022-02-07,10.416650390625,147.0,68.18511708577473,171.265625
631,631,46.0,2022-02-06,4.205,136.0,27.52108357747396,178.546875
632,632,,2022-02-05,10.8058896484375,138.0,70.19871673583984,176.0
633,633,46.0,2022-02-04,8.789169921875,139.0,56.034183756510416,178.0
634,634,,2022-02-03,5.5398701171875,138.0,36.0618169148763,178.0
635,635,47.0,2022-02-02,5.11397021484375,145.0,30.847083536783853,180.0
636,636,,2022-01-31,8.111348793768041,,51.2,
637,637,,2022-01-29,11.846244224750354,,74.53333333333333,
638,638,,2022-01-28,6.311241776217725,,39.75,
639,639,,2022-01-27,6.221948245641251,,38.766666666666666,
640,640,48.0,2022-01-24,8.51551953125,139.0,55.834616597493486,174.265625
641,641,48.0,2022-01-23,22.620759765625,146.0,144.38228302001954,176.59375
642,642,,2022-01-19,10.0620006574219,142.02264349657713,62.733333333333334,
643,643,48.0,2022-01-16,9.099849609375,142.0,60.259666506449385,175.609375
644,644,49.0,2022-01-15,2.507469970703125,152.0,15.850300181905428,173.8125
645,645,49.0,2022-01-15,8.00510009765625,150.0,50.755933125813804,175.9375
646,646,49.0,2022-01-14,11.5663203125,154.0,75.55991668701172,175.59375
647,647,49.0,2022-01-13,10.895509765625,151.0,67.73513285319011,178.125
648,648,50.0,2022-01-12,10.04976953125,148.0,60.819733174641925,176.84375
649,649,50.0,2022-01-11,9.580349609375,143.0,60.70211690266927,179.3125
650,650,50.0,2022-01-10,6.500580078125,141.0,40.86691691080729,180.75
651,651,50.0,2022-01-09,6.31458984375,146.0,38.176033401489256,181.078125
652,652,50.0,2022-01-08,10.0158798828125,142.0,63.93375030358632,176.671875
653,653,50.0,2022-01-06,7.936,146.0,48.83506673177083,179.859375
654,654,51.0,2022-01-04,6.0048798828125,145.0,37.38385007381439,172.34375
655,655,51.0,2021-12-31,8.2195302734375,145.0,52.88916676839192,171.859375
656,656,52.0,2021-12-29,10.5740498046875,144.0,64.905099995931,179.03125
657,657,52.0,2021-12-28,11.30926953125,140.0,72.1346669514974,177.453125
658,658,52.0,2021-12-27,12.5028203125,138.0,79.47086690266927,182.6875
659,659,52.0,2021-12-26,13.7012099609375,142.0,84.60973358154297,177.328125
660,660,52.0,2021-12-24,6.7669599609375,140.0,43.18884989420573,175.921875
661,661,53.0,2021-12-23,16.874189453125,143.0,104.14168345133464,180.265625
662,662,53.0,2021-12-22,11.459349609375,145.0,69.3024164835612,176.09375
663,663,53.0,2021-12-21,13.9991396484375,141.0,84.54144999186198,176.265625
664,664,53.0,2021-12-20,11.7722197265625,140.0,71.67044982910156,182.5
665,665,53.0,2021-12-19,11.0563095703125,140.0,66.08221629460652,182.953125
666,666,52.0,2021-12-18,15.3002900390625,142.0,93.04661661783854,177.921875
667,667,52.0,2021-12-16,11.0610302734375,138.0,68.57869974772136,177.65625
668,668,52.0,2021-12-15,10.5716298828125,137.0,64.86543375651041,176.453125
669,669,52.0,2021-12-14,6.48089013671875,137.0,39.86159973144531,175.703125
670,670,52.0,2021-12-13,7.5704501953125,135.0,48.88293304443359,177.203125
671,671,52.0,2021-12-12,14.4508603515625,140.0,88.3132832845052,180.8125
672,672,52.0,2021-12-11,11.0127001953125,137.0,69.04771626790365,178.078125
673,673,52.0,2021-12-10,11.110150390625,139.0,69.83548380533854,178.875
674,674,52.0,2021-12-09,11.0118798828125,140.0,67.87825012207031,180.4375
675,675,52.0,2021-12-07,7.49643994140625,134.0,48.49136657714844,177.546875
676,676,52.0,2021-12-06,3.381840087890625,130.0,21.396600341796876,182.25
677,677,51.0,2021-12-05,21.110669921875,138.0,138.18223266601564,178.28125
678,678,52.0,2021-12-04,10.44016015625,143.0,64.03265024820963,180.1875
679,679,52.0,2021-12-03,10.1734501953125,137.0,63.853133328755696,180.109375
680,680,52.0,2021-12-02,10.5873896484375,135.0,67.86261677742004,172.71875
681,681,52.0,2021-12-01,11.7850498046875,138.0,73.61819966634114,178.59375
682,682,52.0,2021-11-29,10.0523798828125,133.0,62.86990000406901,177.15625
683,683,52.0,2021-11-28,9.59325,138.0,59.23259963989258,178.921875
684,684,52.0,2021-11-27,10.419580078125,138.0,64.316650390625,179.390625
685,685,52.0,2021-11-26,8.2954697265625,136.0,53.31806640625,173.109375
686,686,52.0,2021-11-25,9.059919921875,138.0,54.54168332417806,179.4375
687,687,52.0,2021-11-24,8.00675,139.0,48.25880025227865,178.46875
688,688,52.0,2021-11-22,9.5885595703125,133.0,59.779350407918294,176.765625
689,689,52.0,2021-11-21,21.86873046875,137.0,131.3811991373698,179.640625
690,690,52.0,2021-11-20,8.5406396484375,138.0,53.85943349202474,180.9375
691,691,52.0,2021-11-19,9.160990234375,141.0,55.74884999593099,177.9375
692,692,52.0,2021-11-18,5.979080078125,134.0,35.58301671346029,181.09375
693,693,51.0,2021-11-17,5.09639990234375,132.0,30.51729939778646,179.1875
694,694,51.0,2021-11-16,9.752990234375,135.0,58.739400227864586,182.34375
695,695,51.0,2021-11-15,8.6533203125,138.0,52.28706639607747,180.0625
696,696,50.0,2021-11-13,9.9980595703125,141.0,60.05835062662761,180.359375
697,697,51.0,2021-11-12,9.12651953125,139.0,55.93880030314128,178.71875
698,698,51.0,2021-11-10,7.557009765625,142.0,44.672366587320965,184.0625
699,699,51.0,2021-11-09,6.00733984375,135.0,36.05640004475912,177.140625
700,700,51.0,2021-11-07,9.001080078125,135.0,54.94523315429687,177.875
701,701,51.0,2021-11-06,12.103830078125,140.0,71.94434992472331,180.59375
702,702,51.0,2021-11-05,7.85141015625,136.0,47.42805004119873,178.6875
703,703,52.0,2021-11-02,8.124509765625,139.0,50.70381673177083,181.9375
704,704,51.0,2021-11-01,8.3920302734375,138.0,51.47316710154215,183.34375
705,705,51.0,2021-10-31,6.199240234375,134.0,39.1,169.703125
706,706,51.0,2021-10-30,15.02675,144.0,90.5120164235433,182.0625
707,707,51.0,2021-10-29,5.65835009765625,137.0,33.6115000406901,179.09375
708,708,51.0,2021-10-28,9.0710595703125,138.0,54.861066818237305,177.859375
709,709,51.0,2021-10-26,7.7533798828125,140.0,48.630950164794925,177.296875
710,710,52.0,2021-10-25,6.523169921875,137.0,40.7168163061142,178.796875
711,711,52.0,2021-10-24,7.009759765625,137.0,42.689083353678384,180.0
712,712,52.0,2021-10-23,21.150580078125,139.0,126.273366800944,182.921875
713,713,51.0,2021-10-22,9.05926953125,135.0,55.608333333333334,179.640625
714,714,51.0,2021-10-21,8.785599609375,138.0,54.32619984944662,179.609375
715,715,50.0,2021-10-20,6.29341015625,134.0,39.466667048136394,176.875
716,716,51.0,2021-10-19,6.140169921875,134.0,39.440833536783856,174.953125
717,717,50.0,2021-10-17,8.9771796875,141.0,54.966816965738936,180.328125
718,718,50.0,2021-10-16,9.063400390625,142.0,55.51228357950846,181.75
719,719,50.0,2021-10-15,7.45475,139.0,45.86716677347819,177.328125
720,720,50.0,2021-10-14,7.58643017578125,139.0,47.000800069173174,178.140625
721,721,50.0,2021-10-13,6.88208984375,142.0,42.172383371988936,180.09375
722,722,51.0,2021-10-11,5.05910986328125,150.0,32.59998351832231,179.515625
723,723,51.0,2021-10-10,13.2590498046875,162.0,69.2486,184.578125
724,724,51.0,2021-10-09,11.4047001953125,141.0,69.91168314615885,181.578125
725,725,51.0,2021-10-07,6.72135009765625,139.0,39.966383107503255,180.671875
726,726,51.0,2021-10-06,6.36397021484375,136.0,38.95704981486003,180.296875
727,727,51.0,2021-10-05,5.6587998046875,133.0,36.05768356323242,178.828125
728,728,51.0,2021-10-04,6.6781201171875,139.0,39.48170013427735,179.296875
729,729,50.0,2021-10-03,5.70027001953125,143.0,32.926333618164065,180.5625
730,730,50.0,2021-10-02,8.4993203125,138.0,54.290199788411456,175.03125
731,731,50.0,2021-10-01,6.14614990234375,139.0,39.97771631876628,175.40625
732,732,51.0,2021-09-26,42.736671875,165.0,237.7899164835612,183.0625
733,733,51.0,2021-09-25,5.01006005859375,133.0,31.363816730181377,178.90625
734,734,51.0,2021-09-23,5.128009765625,131.0,30.972833251953126,179.40625
735,735,51.0,2021-09-22,5.81410986328125,137.0,35.408400472005205,181.359375
736,736,50.0,2021-09-20,7.52647998046875,134.0,45.83105010986328,179.203125
737,737,50.0,2021-09-19,6.85658984375,139.0,40.221866353352866,180.109375
738,738,49.0,2021-09-18,13.4756201171875,138.0,82.89013366699218,178.03125
739,739,49.0,2021-09-17,6.51293994140625,131.0,40.65989990234375,177.125
740,740,48.0,2021-09-16,6.5559501953125,134.0,41.7207997639974,175.3125
741,741,49.0,2021-09-14,11.0128798828125,139.0,66.98966700236002,177.5625
742,742,49.0,2021-09-13,6.5337001953125,141.0,39.991233317057294,176.765625
743,743,49.0,2021-09-11,21.1087890625,160.0,116.55155,181.015625
744,744,49.0,2021-09-09,6.46493994140625,141.0,39.97818298339844,178.6875
745,745,49.0,2021-09-08,10.1411796875,149.0,58.05716625849406,177.390625
746,746,50.0,2021-09-07,5.07152001953125,133.0,33.181216939290366,179.5
747,747,50.0,2021-09-06,5.3031298828125,142.0,31.733334096272788,177.078125
748,748,50.0,2021-09-04,10.252259765625,144.0,62.441016387939456,174.25
749,749,50.0,2021-09-03,14.7253603515625,138.0,93.92911682128906,172.828125
750,750,50.0,2021-09-02,7.19960986328125,138.0,43.38878326416015,177.234375
751,751,50.0,2021-09-01,7.01314990234375,139.0,43.6263501405716,181.390625
752,752,49.0,2021-08-31,2.1183701171875,138.0,13.348633321126302,169.28125
753,753,49.0,2021-08-31,6.0068798828125,132.0,41.25,131.984375
754,754,49.0,2021-08-31,6.87831982421875,137.0,44.409183112780255,172.5
755,755,49.0,2021-08-30,7.51693994140625,139.0,46.03995005289713,183.890625
756,756,49.0,2021-08-29,6.61789013671875,142.0,41.49018351236979,176.546875
757,757,49.0,2021-08-29,9.47791015625,141.0,57.97594960530599,138.828125
758,758,49.0,2021-08-29,1.258260009765625,135.0,7.560566711425781,184.828125
759,759,49.0,2021-08-28,5.41022998046875,133.0,35.68423334757487,178.078125
760,760,49.0,2021-08-27,11.8630498046875,137.0,73.05586649576823,178.109375
761,761,49.0,2021-08-26,10.701169921875,140.0,68.28844985961913,179.96875
762,762,49.0,2021-08-24,9.36748046875,139.0,59.63949991861979,174.109375
763,763,49.0,2021-08-23,6.51197021484375,137.0,39.971683502197266,182.765625
764,764,49.0,2021-08-22,32.224349609375,141.0,0.0,174.640625
765,765,50.0,2021-08-21,5.475009765625,139.0,32.34415003458659,179.25
766,766,50.0,2021-08-20,14.6262998046875,138.0,93.2260503133138,173.75
767,767,50.0,2021-08-19,6.638169921875,140.0,39.91026713053385,177.734375
768,768,50.0,2021-08-18,7.556580078125,135.0,46.5687001546224,176.71875
769,769,49.0,2021-08-17,7.1838798828125,140.0,42.856166712443034,179.21875
770,770,49.0,2021-08-16,6.68572998046875,137.0,39.869083150227866,183.953125
771,771,49.0,2021-08-15,5.12093017578125,132.0,32.8911329905192,172.671875
772,772,49.0,2021-08-15,12.0322998046875,143.0,71.9544169108073,176.734375
773,773,49.0,2021-08-14,10.5047197265625,139.0,62.37823359171549,179.109375
774,774,48.0,2021-08-13,12.8853896484375,138.0,81.271533203125,172.59375
775,775,48.0,2021-08-12,7.0092900390625,140.0,42.887366739908856,181.515625
776,776,48.0,2021-08-11,5.5607900390625,135.0,35.73018341064453,177.234375
777,777,48.0,2021-08-10,6.5248798828125,144.0,38.514399973551434,180.375
778,778,48.0,2021-08-09,6.691509765625,143.0,39.96558354695638,179.53125
779,779,48.0,2021-08-08,6.2889599609375,133.0,40.276266733805336,176.65625
780,780,48.0,2021-08-07,10.500740234375,144.0,63.52430038452148,178.34375
781,781,48.0,2021-08-06,6.196009765625,134.0,39.91676648457845,176.59375
782,782,48.0,2021-08-05,6.75385009765625,141.0,40.74001642862956,179.765625
783,783,48.0,2021-08-04,16.18951953125,133.0,107.1254170735677,175.6875
784,784,48.0,2021-08-03,5.16491015625,136.0,30.352300278345744,180.421875
785,785,48.0,2021-08-02,8.5567900390625,143.0,53.23086675008138,181.9375
786,786,48.0,2021-08-01,11.5358603515625,131.0,76.09146652221679,174.796875
787,787,48.0,2021-07-31,10.6163095703125,159.0,57.991616821289064,179.5625
788,788,49.0,2021-07-30,9.0091796875,133.0,60.46071731646855,173.53125
789,789,49.0,2021-07-29,7.04902978515625,131.0,46.52901682853699,174.171875
790,790,49.0,2021-07-27,1.5988299560546877,141.0,8.99393310546875,185.65625
791,791,49.0,2021-07-26,9.00858984375,134.0,58.98303347826004,176.6875
792,792,48.0,2021-07-25,5.0117900390625,128.0,33.4850835164388,175.15625
793,793,48.0,2021-07-24,7.52685986328125,133.0,47.57888336181641,176.359375
794,794,48.0,2021-07-23,10.3519501953125,135.0,67.91869990030925,174.984375
795,795,48.0,2021-07-22,11.01026953125,133.0,71.98815053304037,172.890625
796,796,48.0,2021-07-21,2.0045400390625,140.0,13.887366739908854,172.015625
797,797,48.0,2021-07-21,5.0,166.0,23.397049967447916,196.296875
798,798,49.0,2021-07-20,11.9233095703125,135.0,75.10708312988281,174.59375
799,799,49.0,2021-07-19,7.2636298828125,136.0,44.42903340657552,175.6875
800,800,48.0,2021-07-18,21.119900390625,139.0,138.22766749064127,176.203125
801,801,48.0,2021-07-17,6.065169921875,134.0,37.383749898274736,179.15625
802,802,49.0,2021-07-16,8.5935703125,139.0,54.40138295491536,178.046875
803,803,49.0,2021-07-15,7.00566015625,139.0,43.7531000773112,175.859375
804,804,49.0,2021-07-14,7.04152001953125,134.0,45.6274663289388,175.15625
805,805,49.0,2021-07-13,10.2981796875,149.0,62.148766390482585,167.5625
806,806,50.0,2021-07-12,6.50433984375,133.0,40.64813334147136,179.3125
807,807,50.0,2021-07-11,6.34981982421875,136.0,38.340416983763376,176.0
808,808,49.0,2021-07-10,10.620080078125,138.0,66.96518351236979,176.859375
809,809,49.0,2021-07-09,5.52331005859375,135.0,34.364383188883465,180.171875
810,810,49.0,2021-07-08,6.50147021484375,136.0,39.89469998677571,178.59375
811,811,49.0,2021-07-07,5.5669599609375,133.0,35.52823333740234,176.796875
812,812,48.0,2021-07-06,10.20775,150.0,59.171349652608235,175.890625
813,813,49.0,2021-07-05,6.2553701171875,137.0,39.69123357137044,177.28125
814,814,49.0,2021-07-04,7.01889013671875,134.0,44.95121663411458,177.90625
815,815,49.0,2021-07-03,12.7377998046875,139.0,81.31981683174769,175.984375
816,816,49.0,2021-07-02,5.0153798828125,132.0,32.027716573079424,176.515625
817,817,49.0,2021-07-01,6.342490234375,135.0,39.80711669921875,177.359375
818,818,48.0,2021-06-30,21.492140625,137.0,148.6662338256836,169.25
819,819,49.0,2021-06-29,7.344509765625,139.0,46.78623310724894,174.25
820,820,49.0,2021-06-28,6.45039013671875,139.0,39.93148295084635,177.921875
821,821,48.0,2021-06-27,15.06925,141.0,95.30321687062582,176.828125
822,822,49.0,2021-06-26,8.014330078125,145.0,47.859083557128905,176.859375
823,823,49.0,2021-06-25,6.00552978515625,140.0,35.87764994303385,175.921875
824,824,,2021-06-25,0.1935299987792968,111.0,1.1833333333333331,170.984375
825,825,49.0,2021-06-24,6.90535986328125,139.0,41.735233306884766,177.421875
826,826,48.0,2021-06-23,6.3624599609375,136.0,39.988016764322914,173.390625
827,827,48.0,2021-06-22,8.12139990234375,141.0,50.21258354187012,175.359375
828,828,48.0,2021-06-20,6.41247998046875,143.0,39.90111656188965,178.546875
829,829,48.0,2021-06-19,5.351490234375,145.0,32.02053349812825,179.078125
830,830,49.0,2021-06-18,5.51018994140625,137.0,35.91431681315104,177.6875
831,831,48.0,2021-06-17,6.5604599609375,142.0,39.97024993896484,177.34375
832,832,48.0,2021-06-16,5.0077001953125,139.0,31.022283426920573,178.921875
833,833,46.0,2021-06-15,6.30933984375,142.0,40.77098350524902,176.765625
834,834,48.0,2021-06-14,12.39651953125,144.0,76.70796661376953,166.890625
835,835,49.0,2021-06-13,6.01477978515625,135.0,38.01995035807292,177.65625
836,836,49.0,2021-06-12,12.52591015625,143.0,75.66748301188152,178.5625
837,837,49.0,2021-06-11,5.07039013671875,141.0,29.33866678873698,182.015625
838,838,49.0,2021-06-10,6.46897998046875,139.0,39.9775998433431,178.34375
839,839,48.0,2021-06-09,6.438509765625,133.0,42.43860015869141,177.046875
840,840,49.0,2021-06-08,12.1454599609375,148.0,75.37753372192383,177.0625
841,841,49.0,2021-06-07,6.5510498046875,143.0,38.66163317362467,178.65625
842,842,49.0,2021-06-06,10.83566015625,138.0,67.34710032145182,178.203125
843,843,49.0,2021-06-05,6.52733984375,142.0,40.981316630045576,176.609375
844,844,49.0,2021-06-05,10.41083984375,143.0,62.38103307088216,179.578125
845,845,49.0,2021-06-04,6.01591015625,131.0,38.03746643066406,175.71875
846,846,48.0,2021-06-03,13.032740234375,137.0,81.74751663208008,177.53125
847,847,48.0,2021-06-01,4.41647021484375,138.0,28.10596644083659,173.21875
848,848,48.0,2021-05-31,6.263919921875,141.0,39.74476674397786,176.984375
849,849,48.0,2021-05-30,7.06981982421875,144.0,44.02478323777517,179.296875
850,850,48.0,2021-05-29,14.6387900390625,141.0,93.26613337198891,175.1875
851,851,48.0,2021-05-27,10.1914599609375,144.0,60.75121587117513,180.0
852,852,48.0,2021-05-24,7.0065400390625,143.0,42.20839996337891,179.6875
853,853,48.0,2021-05-23,3.5463798828125,134.0,22.955933125813804,175.390625
854,854,47.0,2021-05-22,7.2413701171875,147.0,45.3388168334961,175.953125
855,855,48.0,2021-05-22,1.5950699462890623,143.0,10.211816914876302,177.484375
856,856,49.0,2021-05-22,12.013830078125,140.0,73.99786631266277,179.15625
857,857,48.0,2021-05-21,5.07172021484375,134.0,33.557550048828126,175.8125
858,858,49.0,2021-05-20,6.228419921875,139.0,38.249183400472006,177.84375
859,859,49.0,2021-05-19,7.10747021484375,132.0,46.857950337727864,165.59375
860,860,49.0,2021-05-18,5.991509765625,144.0,34.85778299967448,180.15625
861,861,49.0,2021-05-17,5.05516015625,136.0,30.885899861653645,179.265625
862,862,48.0,2021-05-16,7.133990234375,133.0,45.55046641031901,163.921875
863,863,48.0,2021-05-15,22.2239609375,143.0,138.11940053304036,177.40625
864,864,48.0,2021-05-14,5.32402978515625,140.0,33.774566650390625,175.015625
865,865,48.0,2021-05-13,6.07110009765625,143.0,38.5814003944397,173.1875
866,866,48.0,2021-05-13,6.5381298828125,137.0,39.96388295491536,174.734375
867,867,47.0,2021-05-12,3.15706005859375,138.0,20.469683329264324,174.890625
868,868,48.0,2021-05-12,1.71672998046875,145.0,8.983049996693929,181.1875
869,869,47.0,2021-05-10,8.4682900390625,147.0,55.617166646321614,169.65625
870,870,48.0,2021-05-10,12.84358984375,146.0,83.42733256022136,170.25
871,871,48.0,2021-05-08,2.131909912109375,141.0,14.510999997456867,164.984375
872,872,48.0,2021-05-08,21.09801953125,167.0,113.23133290608725,185.28125
873,873,49.0,2021-05-08,1.0171500244140623,126.0,7.157066663106282,165.359375
874,874,49.0,2021-05-05,12.9188896484375,140.0,80.23843332926432,175.828125
875,875,49.0,2021-05-04,5.57231982421875,151.0,29.77533365885417,183.140625
876,876,49.0,2021-05-03,6.29231982421875,144.0,37.22511672973633,180.453125
877,877,49.0,2021-05-01,6.0107001953125,137.0,38.28894983927409,176.65625
878,878,49.0,2021-04-30,14.35008984375,135.0,92.56710052490234,175.28125
879,879,49.0,2021-04-28,5.43202978515625,133.0,35.25888366699219,175.640625
880,880,48.0,2021-04-27,5.341580078125,146.0,32.014366658528644,178.140625
881,881,49.0,2021-04-26,5.40756982421875,138.0,32.71179962158203,181.859375
882,882,48.0,2021-04-25,7.1341298828125,134.0,46.00085042317709,175.078125
883,883,47.0,2021-04-24,16.26566015625,143.0,105.2749168395996,175.125
884,884,47.0,2021-04-23,10.6994697265625,146.0,65.7353500366211,178.9375
885,885,47.0,2021-04-22,5.0595,150.0,27.916800435384115,184.0625
886,886,47.0,2021-04-21,6.3472099609375,140.0,41.43506724039714,178.46875
887,887,47.0,2021-04-19,6.9730400390625,142.0,46.58491668701172,175.9375
888,888,48.0,2021-04-18,5.377509765625,143.0,33.918383280436196,175.609375
889,889,48.0,2021-04-17,21.37416015625,141.0,139.03401692708334,175.140625
890,890,48.0,2021-04-15,7.0265,131.0,46.30838368733724,178.515625
891,891,47.0,2021-04-14,7.04991015625,133.0,47.013983662923174,176.921875
892,892,47.0,2021-04-13,13.6996796875,145.0,83.89198328653971,180.609375
893,893,48.0,2021-04-12,11.6465400390625,144.0,72.81110026041667,177.5625
894,894,48.0,2021-04-10,30.258640625,158.0,0.0,174.328125
895,895,49.0,2021-04-08,8.8253701171875,132.0,56.92948303222656,178.953125
896,896,49.0,2021-04-07,7.244759765625,132.0,46.293566640218096,180.84375
897,897,48.0,2021-04-06,13.02891015625,144.0,78.57703348795573,183.703125
898,898,48.0,2021-04-05,8.620830078125,134.0,55.943416849772134,177.421875
899,899,48.0,2021-04-03,21.120599609375,137.0,132.18059946695965,179.140625
900,900,48.0,2021-04-01,12.0149296875,132.0,78.66733322143554,177.21875
901,901,48.0,2021-03-31,5.6456298828125,134.0,36.91993357340495,178.640625
902,902,48.0,2021-03-30,8.12433984375,144.0,47.29606691996256,179.40625
903,903,47.0,2021-03-29,12.410669921875,140.0,78.20166600545248,186.453125
904,904,47.0,2021-03-27,26.435900390625,148.0,173.39110005696614,175.453125
905,905,47.0,2021-03-25,7.06122021484375,137.0,46.225999704996745,176.953125
906,906,47.0,2021-03-24,7.04097021484375,136.0,45.41261647542318,176.359375
907,907,47.0,2021-03-23,10.7190595703125,149.0,63.54613367716471,184.53125
908,908,46.0,2021-03-22,11.378669921875,140.0,73.03668324152629,179.984375
909,909,46.0,2021-03-20,18.02048046875,146.0,122.05864969889323,174.515625
910,910,47.0,2021-03-18,8.0402001953125,138.0,52.28275037606557,174.171875
911,911,47.0,2021-03-17,4.7577099609375,132.0,31.751666768391928,175.90625
912,912,46.0,2021-03-16,9.45073046875,147.0,56.87701670328776,183.09375
913,913,47.0,2021-03-15,13.4332900390625,137.0,87.30655059814453,178.390625
914,914,,2021-03-13,22.770810546875,142.0,151.31714986165363,178.515625
915,915,47.0,2021-03-11,7.07310986328125,142.0,46.29014994303385,179.859375
916,916,47.0,2021-03-10,7.50522998046875,138.0,49.16231638590495,178.328125
917,917,46.0,2021-03-09,6.26208984375,142.0,40.98383313814799,176.171875
918,918,47.0,2021-03-08,10.069919921875,144.0,64.17714996337891,179.703125
919,919,47.0,2021-03-07,5.22522998046875,139.0,34.05823313395182,176.875
920,920,47.0,2021-03-06,18.610740234375,142.0,119.97325007120769,177.4375
921,921,47.0,2021-03-04,7.82147021484375,137.0,50.70224978129069,180.828125
922,922,47.0,2021-03-03,3.814840087890625,142.0,23.718599955240887,183.09375
923,923,46.0,2021-03-02,9.259740234375,144.0,57.064033349355064,183.296875
924,924,46.0,2021-03-01,9.435080078125,140.0,59.82338409423828,180.375
925,925,46.0,2021-02-27,21.140560546875,149.0,135.7684333841006,177.3125
926,926,46.0,2021-02-25,7.04518017578125,143.0,45.421366628011064,176.890625
927,927,46.0,2021-02-24,5.76439990234375,143.0,36.36761678059896,178.765625
928,928,46.0,2021-02-23,8.335990234375,150.0,51.73766644795736,180.671875
929,929,46.0,2021-02-22,9.3124501953125,142.0,61.63113301595052,176.140625
930,930,46.0,2021-02-20,21.12198046875,145.0,142.23453318277996,178.734375
931,931,46.0,2021-02-19,12.867490234375,147.0,82.85085016886393,179.140625
932,932,46.0,2021-02-18,4.51414013671875,154.0,26.430250040690105,184.421875
933,933,47.0,2021-02-17,7.02031982421875,148.0,46.57006683349609,176.6875
934,934,47.0,2021-02-16,6.57431982421875,147.0,39.740133158365886,177.359375
935,935,47.0,2021-02-14,11.2543203125,147.0,74.64325002034505,168.71875
936,936,47.0,2021-02-13,16.0221103515625,146.0,104.8854497273763,178.796875
937,937,47.0,2021-02-12,3.190530029296875,162.0,16.630183474222818,191.390625
938,938,48.0,2021-02-11,7.0179599609375,143.0,45.41380004882812,181.15625
939,939,48.0,2021-02-10,6.3859501953125,139.0,41.67365010579427,181.9375
940,940,48.0,2021-02-08,6.2507099609375,143.0,39.791100056966144,177.3125
941,941,49.0,2021-02-07,11.4321796875,137.0,75.11960042317709,178.859375
942,942,49.0,2021-02-06,19.125650390625,132.0,124.02489986419678,178.375
943,943,49.0,2021-02-05,12.4695703125,136.0,80.84110031127929,179.9375
944,944,49.0,2021-02-03,10.674759765625,137.0,67.9317497253418,180.828125
945,945,49.0,2021-02-02,6.3882998046875,140.0,40.10145015716553,180.21875
946,946,49.0,2021-02-01,6.97918017578125,142.0,43.12776616414388,182.1875
947,947,49.0,2021-01-30,15.4704599609375,136.0,102.06411615212758,180.421875
948,948,49.0,2021-01-28,12.7593896484375,136.0,83.6920166015625,180.3125
949,949,49.0,2021-01-27,10.2976298828125,135.0,65.94793281555175,180.296875
950,950,48.0,2021-01-26,7.54464990234375,140.0,48.706216430664064,181.03125
951,951,48.0,2021-01-25,6.02247998046875,143.0,36.83546651204427,180.4375
952,952,48.0,2021-01-24,13.638099609375,137.0,89.24158299763998,181.640625
953,953,48.0,2021-01-22,5.56616015625,138.0,35.77171681722005,180.0
954,954,48.0,2021-01-20,10.233990234375,135.0,67.5529998779297,177.71875
955,955,48.0,2021-01-19,5.50277001953125,138.0,35.811133829752606,183.375
956,956,48.0,2021-01-18,10.275900390625,151.0,59.47009989420573,189.375
957,957,49.0,2021-01-16,14.0478095703125,135.0,93.9110829671224,179.640625
958,958,49.0,2021-01-14,11.998669921875,131.0,81.25313364664713,179.125
959,959,49.0,2021-01-13,7.00572021484375,128.0,46.353799947102864,180.921875
960,960,48.0,2021-01-12,1.645989990234375,143.0,8.991083272298177,188.46875
961,961,48.0,2021-01-10,22.63558984375,139.0,147.95733337402345,180.96875
962,962,48.0,2021-01-08,22.350359375,139.0,148.0596491495768,177.203125
963,963,48.0,2021-01-06,22.53619921875,138.0,150.34371693929037,173.96875
964,964,49.0,2021-01-04,21.208919921875,137.0,140.12024892171223,177.515625
965,965,49.0,2021-01-02,21.159130859375,142.0,128.6733830769857,183.9375
966,966,49.0,2020-12-31,12.1308701171875,132.0,80.05638326009115,181.578125
967,967,49.0,2020-12-30,15.812169921875,132.0,106.89713287353516,179.328125
968,968,50.0,2020-12-28,13.0179599609375,137.0,83.47366689046224,176.890625
969,969,49.0,2020-12-27,16.1023701171875,130.0,104.84946645100912,181.78125
970,970,49.0,2020-12-25,11.3779599609375,138.0,71.83930002848307,177.5
971,971,50.0,2020-12-24,16.1853896484375,143.0,97.5973164876302,183.9375
972,972,49.0,2020-12-22,16.77998046875,133.0,114.79046681722004,174.078125
973,973,49.0,2020-12-20,15.7418603515625,132.0,103.42498321533203,180.5625
974,974,49.0,2020-12-19,11.146599609375,145.0,67.08603261311849,185.046875
975,975,49.0,2020-12-18,12.9121396484375,138.0,83.45606689453125,176.984375
976,976,49.0,2020-12-17,10.1793701171875,140.0,64.93895009358724,175.0625
977,977,49.0,2020-12-16,14.2449296875,135.0,91.90855000813802,181.296875
978,978,49.0,2020-12-15,8.2599599609375,138.0,52.7108829498291,180.6875
979,979,49.0,2020-12-13,23.0135,142.0,144.60091654459634,182.125
980,980,49.0,2020-12-11,10.4483896484375,141.0,67.58346659342448,181.515625
981,981,49.0,2020-12-09,14.062919921875,131.0,94.5114995320638,183.359375
982,982,48.0,2020-12-07,21.15683984375,135.0,140.4654505411784,180.1875
983,983,48.0,2020-12-06,11.4859599609375,138.0,74.40459950764973,181.546875
984,984,48.0,2020-12-05,3.04522998046875,139.0,20.67733357747396,179.265625
985,985,49.0,2020-12-05,13.1485400390625,136.0,83.87200012207032,181.296875
986,986,49.0,2020-12-03,8.8275400390625,136.0,58.69555002848307,182.578125
987,987,49.0,2020-12-02,9.6828095703125,137.0,61.449266560872395,185.609375
988,988,,2020-12-02,2.032199951171875,126.0,14.05,
989,989,49.0,2020-11-30,10.867,132.0,73.59188334147136,180.390625
990,990,49.0,2020-11-29,17.835369140625,138.0,114.83423309326172,186.21875
991,991,49.0,2020-11-28,14.4056103515625,140.0,91.56561584472657,185.75
992,992,49.0,2020-11-27,7.58660986328125,143.0,47.01449991861979,180.125
993,993,49.0,2020-11-26,9.017830078125,138.0,57.00674980481465,183.703125
994,994,49.0,2020-11-25,13.10173046875,142.0,80.32529996236165,184.40625
995,995,49.0,2020-11-23,4.403490234375,137.0,26.999216715494793,187.765625
996,996,49.0,2020-11-22,11.3408701171875,133.0,74.88478393554688,182.8125
997,997,49.0,2020-11-21,12.03583984375,131.0,80.46364989280701,182.609375
